"countryISO","MicronutEvenness","MicronutDensityScore_W","VulnCC_W","VulnF_W","color","quartile","ISO","Vitamin_A_PII","Zinc_PII","Iron_PII","Calcium_PII","mean_PII","yield_5Y","cumulArea","RegionWB","hdi2018","TaxRichness","NutritionalDep"
"Albania",0.474382191057309,195.868962424065,27.7498325362314,34.5699414785627,"#E9633E","4","ALB",1.065262136,2.431535909,1.1135768985,0.000265174,1.152660029375,12042.1243145877,11104.5176957,"Europe & Central Asia",0.791,89,0.03
"Algeria",0.461730309913131,181.548293595873,34.6569032901825,41.5161458383401,"#F89A58","3","DZA",34.02071215,42.90460963,30.20475498,4.51825536,27.91208303,260383.866670706,128841.900956,"Middle East & North Africa",0.759,165,0.07
"Anguilla",0.757155942563486,174.559106863599,58.5603555989714,39.3514529449433,"#F8B065","3","AIA",NA,NA,NA,NA,NA,2463.67202009975,92181.7952024,"Latin America & Caribbean",0.92,55,NA
"Antigua & Barbuda",0.479252461039917,170.051541490285,63.8055675914929,38.7456757302429,"#EFB66C","2","ATG",5.043711767,0.144796045,1.8192432185,25.56071111,8.142115535125,4840.00957410257,107937.02868,"Latin America & Caribbean",0.776,98,0.26
"Argentina",0.428592025812939,122.874919751511,48.6976433360211,55.7374177157397,"#77B8AC","1","ARG",5.8915338655,0.004713104,0.3800074025,39.76899042,11.511311198,1276796.76100846,1082475.47924,"Latin America & Caribbean",0.83,83,0.02
"Australia",0.720573138477539,172.650989649935,54.4610698485789,40.7605462512911,"#F4B268","3","AUS",2.846645093,0.002661793,1.018151024,18.47707746,5.5861338425,77847.9685656513,7435549.547495,"East Asia & Pacific",0.938,267,0.07
"Bahamas",0.721552091872224,158.164071433139,60.5475815247887,49.3731424009256,"#D5C481","1","BHS",6.156824013,0.027395726,0.849027536,41.76523298,12.19962006375,31700.2405373917,628025.478178,"Latin America & Caribbean",0.805,103,0.21
"Bangladesh",0.399989161676182,159.406412625002,65.793775363786,28.425602629693,"#D7C37F","2","BGD",96.98165252,42.79675108,99.04721168,94.99861236,83.45605691,1053361.4049708,84845.9159926,"South Asia",0.614,109,0.22
"Belgium",0.51987507951666,118.091484530578,34.9971837861944,47.2197497578648,"#67ADAF","1","BEL",0.5968082095,2.314013745,1.119329782,2.5719679,1.650529909125,18897.955576803,3478.97748204,"Europe & Central Asia",0.919,69,0.06
"Belize",0.435367655812472,188.319999328549,45.2823293172051,36.1998362858312,"#F1804C","4","BLZ",39.67876094,23.12916118,5.4095345555,36.64439498,26.215462913875,16544.6186934896,36181.9885759,"Latin America & Caribbean",0.72,105,0.13
"Bermuda",0.560042568729793,156.379896905445,58.2989804631781,46.6681035856864,"#D1C684","1","BMU",NA,NA,NA,NA,NA,956.607414351681,450347.475795,"North America",0.92,39,0.19
"Bonaire, Sint Eustatius and Saba",0.656912123044944,168.284454551754,54.6542130128744,45.1276685643616,"#EBB76F","2","BES",NA,NA,NA,NA,NA,2728.82953396329,24856.6786392,"Latin America & Caribbean",0.934,86,NA
"Bosnia & Herzegovina",0.290621818377212,214.899899766155,25.3766825138564,26.0495923657093,"#D7191C","4","BIH",0.616930215,39.45838848,24.23455764,2.516448112,16.70658111175,1612.66637094431,13.5179360832,"Europe & Central Asia",0.769,43,0.02
"Brazil",0.639710954713614,179.285466744853,43.8578161555252,37.0916689187616,"#FAA35B","3","BRA",38.88414708,0.609295898,1.3077942255,18.37591594,14.794288285875,257616.299279842,3646514.335728,"Latin America & Caribbean",0.761,232,0.01
"British Virgin Isl.",0.673469124716106,158.097702191645,66.1719811902536,46.1888704216587,"#D5C481","1","VGB",NA,NA,NA,NA,NA,4368.3092754748,80112.931051,"Latin America & Caribbean",0.92,45,NA
"Brunei",0.733165898712537,179.776201885345,58.8594501454041,34.9036786852083,"#F9A15B","3","BRN",43.78943754,5.483285671,5.092176553,44.26245262,24.656838096,106463.608138109,25340.2115392,"East Asia & Pacific",0.845,130,0.11
"Bulgaria",0.394392787816074,156.570957648942,22.5761312498628,31.9613873628255,"#D1C684","1","BGR",37.09741186,46.36961131,28.67802009,25.40992022,34.38874087,36225.0712394131,35131.5239099,"Europe & Central Asia",0.816,41,0.01
"Cambodia",0.640731983288635,183.004838776332,51.5047668830408,27.8050440767354,"#F79555","4","KHM",95.83984998,25.89780264,64.87350688,92.47957937,69.7726847175,1023980.11103521,47676.126168,"East Asia & Pacific",0.581,51,0.3
"Cameroon",0.482302090958919,193.74003735127,56.7194894906755,29.7704289376228,"#EB6B42","4","CMR",46.4333829,17.808847255,21.922611176,73.46986566,39.90867674775,186948.075944707,14669.2890518,"Sub-Saharan Africa",0.563,69,0.38
"Canada",0.546929113397746,120.703613161693,39.038251787153,48.420297181779,"#6FB3AE","1","CAN",4.725382812,0.92745419,0.391359513,17.94472193,5.99722961125,384751.835793111,9231056.58081,"North America",0.922,153,0.09
"Chile",0.292419870864029,189.789440891041,43.5417763116798,29.2372846171059,"#F07B48","4","CHL",25.408354495,9.161615484,3.203386806,58.66748619,24.11021074375,885275.943730098,3648531.60372,"Latin America & Caribbean",0.847,83,0.06
"China",0.631479541331602,161.199552057491,48.7814942689804,36.7231204236978,"#DBC07C","2","CHN",3.965506955,0.522142582,0.577021917,54.33304825,14.849429926,10420865.7977963,2276307.49533,"East Asia & Pacific",0.758,228,0.08
"Christmas Isl.",0.627315659441785,182.519303219645,52.7447152863815,41.2191547059029,"#F79756","4","CXR",NA,NA,NA,NA,NA,6656.80496456042,327992.874168,"East Asia & Pacific",0.938,41,NA
"Cocos Isl.",0.367388398635828,166.355069960225,42.8327584167859,56.324927533111,"#E6BA73","2","CCK",NA,NA,NA,NA,NA,183.14675761351,467229.253949,"East Asia & Pacific",0.938,16,NA
"Colombia",0.596065934324709,180.913913988475,45.2017688270506,36.6754993854707,"#F89D59","3","COL",46.65531614,13.22834512,14.459764715,35.65892931,27.50058882125,56223.3442607016,744311.363564,"Latin America & Caribbean",0.761,127,0.02
"Comoros",0.451716713508606,190.675334656131,41.8850042049862,36.9854237372556,"#EF7747","4","COM",NA,NA,NA,NA,NA,13299.6780035457,164670.582304,"Sub-Saharan Africa",0.538,51,NA
"Congo (ex-Zaire)",0.53899193824581,213.850387056063,49.4857139792073,34.9835559520875,"#D81D1E","4","COD",NA,NA,NA,NA,NA,82745.2208738157,13136.6009473,"Sub-Saharan Africa",0.459,81,NA
"Costa Rica",0.459988677891774,179.662108353585,46.2025469525723,44.336948055048,"#F9A25B","3","CRI",21.846462804,5.95687753644,7.8963551605,7.572124551,10.817955012985,36737.160161684,572164.9835846,"Latin America & Caribbean",0.794,70,0.04
"Croatia",0.282619200308852,208.278484021777,25.3951773080273,29.2856070862317,"#DD3328","4","HRV",21.29839172,6.341837494,8.493477696,2.789274919,9.73074545725,113592.460732874,55961.9815182,"Europe & Central Asia",0.837,117,0.07
"Cuba",0.575882334956965,165.508374882062,63.159834377029,34.8338951270376,"#E5BB74","2","CUB",2.788055836,17.69080488,6.9855431755,26.02517776,13.372395412875,31382.6637249685,364521.187075,"Latin America & Caribbean",0.778,74,0.01
"Curacao",0.634220539631005,166.788946564782,45.5107859418838,45.0864301228826,"#E7BA72","2","CUW",NA,NA,NA,NA,NA,6323.4281653216,30427.3298795,"Latin America & Caribbean",0.934,89,NA
"Cyprus",0.471348792133283,181.789518320594,39.6385962627077,36.6475810951182,"#F89957","3","CYP",18.59901318,1.134708964,0.767611201,16.57244026,9.26844340125,19227.458430373,98087.9931567,"Europe & Central Asia",0.873,91,0.1
"Denmark",0.41640323170076,117.056471906364,29.7570242559399,46.3885166398553,"#64AAB0","1","DNK",2.7836410155,0.120930672,0.317524317,2.976606516,1.549675630125,205055.594111877,102693.7303328,"Europe & Central Asia",0.93,92,0.14
"Dominica",0.665134857935796,167.931550939435,54.8807505653418,39.1582168876359,"#EAB870","2","DMA",NA,NA,NA,NA,NA,5218.37398013589,28599.444172,"Latin America & Caribbean",0.724,70,0.19
"Dominican Republic",0.609942042135936,162.076163819948,60.7183634735541,42.3993545913019,"#DDC07A","2","DOM",44.68971292,8.719188878,5.490650979,72.52085565,32.85510210675,52112.1362791011,269471.071737,"Latin America & Caribbean",0.745,101,0.1
"Ecuador",0.603165614675032,173.693316242998,42.794673478835,40.5155370712866,"#F6B166","3","ECU",30.52311724,0.502393721,10.6618045635,11.26809962,13.238853786125,236094.945577113,1072093.576113,"Latin America & Caribbean",0.758,76,0.06
"Egypt",0.56522119133054,185.889446558821,42.4726890334285,36.6891224006869,"#F38950","4","EGY",22.86955143,55.30596306,13.837249665,31.4019746,30.85368468875,96590.1961246138,260401.2813912,"Middle East & North Africa",0.7,188,0.1
"Equatorial Guinea",0.512882886629099,191.007355597716,54.1918036830967,32.1766848238437,"#EF7646","4","GNQ",NA,NA,NA,NA,NA,188892.747772386,308276.927651,"Sub-Saharan Africa",0.588,129,NA
"Eritrea",0.622716296563369,174.393481239715,59.1018445146973,34.2141017355822,"#F8B065","3","ERI",NA,NA,NA,NA,NA,34594.9344234074,78382.5366713,"Sub-Saharan Africa",0.434,74,NA
"Estonia",0.258845052729693,117.477411394916,21.7330592431738,35.6981555272225,"#65ABB0","1","EST",3.459253351,1.525796007,2.300055018,0.163749607,1.86221349575,112935.403257001,36511.7900978,"Europe & Central Asia",0.882,29,0.06
"Falkland Isl.",0.510399778104654,114.895791253479,49.5230450522918,51.3627223699464,"#5CA5B1","1","FLK",NA,NA,NA,NA,NA,549724.873258801,549974.269321,"Latin America & Caribbean",0.92,29,NA
"Fiji",0.710363001919384,177.394027057321,51.1327619692424,45.1591240598706,"#FCAA5F","3","FJI",31.20546846,3.2924193355,3.6177852195,67.41374854,26.38235538875,50237.1395654327,1282139.87329,"East Asia & Pacific",0.724,43,0.31
"Finland",0.240640541926317,126.076979895311,25.3463343695761,37.3468157684696,"#82C0AB","1","FIN",7.398542826,0.009544772,0.578270085,1.709217705,2.423893847,196041.535856066,81473.2648969,"Europe & Central Asia",0.925,26,0.1
"France",0.612455516252189,154.184954841867,33.4903142186633,45.9151628206882,"#CCC988","1","FRA",2.176065332,0.138338331,0.677211736,11.31168938,3.57582619475,181247.871554312,333690.7275238,"Europe & Central Asia",0.891,248,0.12
"French Guiana",0.506110359401526,166.37306305138,60.4866074982338,43.2978728199234,"#E6BA73","2","GUF",NA,NA,NA,NA,NA,24024.9118874367,134667.233475,"Latin America & Caribbean",0.891,198,NA
"French Polynesia",0.658185704753418,170.67712740263,48.7342920836771,49.3545393376702,"#F0B56B","2","PYF",7.546767023,0.019355808,0.842968233,66.3545706,18.690915416,37948.1213406073,4771094.20084,"East Asia & Pacific",0.891,49,0.46
"French Southern Territories",0.395175508927885,152.800877586235,44.4404374777182,57.8957227520447,"#C9CB8A","1","ATF",NA,NA,NA,NA,NA,11999.2015301455,2273889.5208342,"Sub-Saharan Africa",0.891,56,NA
"Gabon",0.536721503462821,195.474313958242,44.3810366551166,36.3733766325268,"#EA643F","4","GAB",26.74425118,15.79394763,8.566609696,77.69102268,32.1989577965,246402.269129448,191942.488615,"Sub-Saharan Africa",0.702,122,0.26
"Gambia",0.530095079433664,182.097862905339,47.6351837603701,36.733740683168,"#F79857","4","GMB",76.11369908,39.23089168,46.107176646,69.61162052,57.7658469815,304667.136011288,22651.2164118,"Sub-Saharan Africa",0.466,157,0.42
"Georgia",0.0633374613992512,185.513729019786,15.9286392923459,25.2645705967963,"#F38B51","4","GEO",71.64781436,61.10501239,71.85379628,22.5482236,56.7887116575,212727.472663159,22947.5708106,"Europe & Central Asia",0.786,45,0.08
"Germany",0.410643768895173,116.222892060988,28.7932452685455,44.8417112221058,"#61A9B0","1","DEU",11.25273527,2.034793194,4.147968318,6.21055113,5.911511978,133069.120734011,56464.15507,"Europe & Central Asia",0.939,87,0.04
"Ghana",0.629426188313762,180.335127657031,39.7830095227458,35.6282117202011,"#F99F5A","3","GHA",16.3527745875,16.028148955,8.2829918995,71.39298541,28.014225213,477228.597347123,225652.76456,"Sub-Saharan Africa",0.596,136,0.56
"Greece",0.626629223144534,181.555325028861,31.4991728996887,40.0088796484345,"#F89A58","3","GRC",3.758073714,0.588571545,0.812308668,0.446500576,1.40136362575,120159.38168011,493669.127721,"Europe & Central Asia",0.872,112,0.06
"Greenland",0.457643338275444,116.783807112796,37.9908725928494,62.8116618247321,"#63AAB0","1","GRL",NA,NA,NA,NA,NA,307835.982194562,2277712.80321,"Europe & Central Asia",NA,30,NA
"Grenada",0.678560038184907,163.672872394859,57.419279037158,47.8882141575125,"#E1BD77","2","GRD",14.17136897,3.117906685,0.5486884985,43.27579827,15.278440605875,6987.24039685483,26132.6459475,"Latin America & Caribbean",0.763,112,0.27
"Guam",0.622370149901147,172.488969808915,52.7729583243094,42.3349546817383,"#F4B368","2","GUM",NA,NA,NA,NA,NA,210.809510665175,221585.830785,"East Asia & Pacific",0.92,81,NA
"Guatemala",0.558239229453079,180.09275822711,52.9703720023933,33.9668823420254,"#F9A05A","3","GTM",24.735737449,67.38163863,45.274775004,50.08137783,46.86838222825,31433.2599769703,117672.51772435,"Latin America & Caribbean",0.651,153,0.01
"Haiti",0.673734682547648,163.797103757026,59.206104228303,41.7317346590564,"#E1BD77","2","HTI",5.917246454,49.32920823,59.678156655,89.14586386,51.01761879975,35617.0091603623,123529.563916,"Latin America & Caribbean",0.503,110,0.19
"Heard & McDonald Isl.",0.24171525340844,113.110663523619,50.9747418449942,66.1472754939296,"#56A2B2","1","HMD",NA,NA,NA,NA,NA,3451.71926702453,417040.190677,"East Asia & Pacific",0.938,15,NA
"Honduras",0.59446275539168,178.227082856648,55.1038207056978,36.7494861625473,"#FBA75D","3","HND",27.7150070095,65.14742157,41.841205127,39.52663304,43.557566686625,14928.182359793,218803.813274529,"Latin America & Caribbean",0.623,123,NA
"Hong Kong",0.68468004680768,160.152981739273,51.9741091496334,38.1016077296843,"#D9C17D","2","HKG",NA,NA,NA,NA,NA,36873.7384976636,2007.63978191,"East Asia & Pacific",0.939,63,NA
"Iceland",0.498113279190322,111.019018289133,33.2952476379872,48.4834051967172,"#4F9CB3","1","ISL",0.273709884,5.9e-09,0.269251316,0.160593977,0.175888795725,1143809.68174314,756110.699159,"Europe & Central Asia",0.938,50,0.36
"India",0.66341081302919,171.823134510606,56.9720934970918,32.2334098300101,"#F2B369","2","IND",66.25767587,51.15843598,90.36084324,54.55989133,65.584211605,2053455.46269467,2289184.83533,"South Asia",0.647,179,0.08
"Indonesia",0.651891028597176,190.438770110533,51.6942009903264,30.5142590908353,"#EF7847","4","IDN",85.53691052,24.728890395,48.2462137815,93.09444441,62.901614776625,2825644.5590107,6022552.24307,"East Asia & Pacific",0.707,238,0.48
"Iran",0.743184305521379,163.986782530884,64.0926872818102,44.9061105777234,"#E1BD77","2","IRN",23.52329336,38.10645763,3.8313605555,36.3075817,25.442173311375,248800.222053473,163715.2564952,"Middle East & North Africa",0.797,188,0.06
"Iraq",0.537839245372677,179.101392589407,56.0306089408145,35.7599873731994,"#FAA45C","3","IRQ",77.85191625,57.08544922,42.3579060715,83.57165087,65.216730602875,12277.7595921024,540.894570046,"Middle East & North Africa",0.689,99,0.04
"Ireland",0.450423356071388,134.676918672333,26.1478796153533,46.4541638682486,"#9ED4A6","1","IRL",3.512460053,0.391920243,0.347991508,3.264584272,1.879239019,1166989.12385006,409954.490287,"Europe & Central Asia",0.942,117,0.07
"Italy",0.553280139574524,177.639423730738,28.8712263997423,38.0639356868647,"#FBAA5E","3","ITA",7.464039631,2.606636203,0.58887879,10.63795584,5.324377616,136725.73844361,538227.044552,"Europe & Central Asia",0.883,181,0.09
"Japan",0.637693417736955,149.49504966467,35.928148570537,37.7876027111759,"#C2CF90","1","JPN",33.98524675,12.29207702,5.282674187,67.94175123,29.87543729675,2337665.81565252,4464724.99922,"East Asia & Pacific",0.915,145,0.38
"Jordan",0.488734798847215,145.529832263683,54.0510208313075,57.098884449234,"#BAD497","1","JOR",26.1704989565,10.798057335,19.39826483,24.59499595,20.240454267875,953.973507292249,96.6668724423,"Middle East & North Africa",0.723,100,0.06
"Kenya",0.666821303028725,174.466154726165,57.3503322820847,40.7228742507535,"#F8B065","3","KEN",42.85077551,26.06781771,48.3359897625,45.52830537,40.695722088125,29162.2495002964,162794.01362,"Sub-Saharan Africa",0.579,100,NA
"Kiribati",0.255542815740632,185.820373477657,39.8606440061397,42.2423355651891,"#F38A50","4","KIR",35.41783576,13.45003378,11.08811587,82.21560879,35.54289855,150014.356533697,3437118.548068,"East Asia & Pacific",0.623,34,0.74
"Kuwait",0.683857182221992,170.632990923323,60.8520995999629,39.3401826152805,"#F0B56B","2","KWT",17.84267174,2.544593366,0.3176033745,13.39354081,8.524602322625,53986.6493535851,11786.3044446,"Middle East & North Africa",0.808,141,0.07
"Latvia",0.307916741393984,114.428805388528,22.6495316105948,38.0809980184507,"#5BA4B2","1","LVA",2.57803999,2.093365861,1.191875215,7.356391217,3.30491807075,131010.780246324,28984.5426538,"Europe & Central Asia",0.854,27,0.14
"Lebanon",0.62515419302597,171.86904565764,49.8722070849495,39.513394249368,"#F3B369","2","LBN",27.51828647,10.49502914,4.71617352,12.59352394,13.8307532675,9404.3485904204,19265.285079,"Middle East & North Africa",0.73,54,0.06
"Libya",0.712266891390499,158.013513073649,37.9303735424939,45.9696500913905,"#D5C481","1","LBY",NA,NA,NA,NA,NA,103685.691109073,355589.560235,"Middle East & North Africa",0.708,128,0.14
"Lithuania",0.361667623315862,108.980991126054,23.5760703674794,41.8128657492544,"#4997B4","1","LTU",3.262103078,2.891773848,2.352271728,3.656871862,3.040755129,68747.0900159384,6139.56540274,"Europe & Central Asia",0.869,28,0.25
"Madagascar",0.648506378552923,180.783014076862,59.0603398204147,36.6309768705126,"#F89D59","3","MDG",97.52477281,33.61090662,82.06068582,92.42435905,76.405181075,153226.050204339,1200346.99076,"Sub-Saharan Africa",0.521,56,0.24
"Malaysia",0.703411642040964,185.772886639907,56.387241343622,30.0827098292017,"#F38A50","4","MYS",27.82942163,8.017913157,6.189772756,72.29375897,28.58271662825,892892.970734429,449534.9139508,"East Asia & Pacific",0.804,181,0.43
"Maldives",0.581528864834999,181.70852307703,49.1790608583361,43.5327409935012,"#F89A57","3","MDV",11.261034,7.334311352,1.412516763,40.45874113,15.11665081125,89842.4291370971,916008.080221,"South Asia",0.719,95,0.99
"Malta",0.615798166623188,160.247555920594,37.0660692346576,48.6292226709861,"#DAC17D","2","MLT",3.710942867,2.903533993,0.652818144,3.379855305,2.66178757725,12314.2744771196,55540.4082176,"Middle East & North Africa",0.885,138,0.14
"Marshall Isl.",0.312880215015564,184.202598941134,40.938926526861,43.0644102290336,"#F59053","4","MHL",NA,NA,NA,NA,NA,81328.0860891966,1992021.38863,"East Asia & Pacific",0.698,49,NA
"Martinique",0.59976330365602,175.498233549798,55.0651759636791,33.1375339242364,"#FAAF63","3","MTQ",NA,NA,NA,NA,NA,7939.32974017296,47355.2274459,"Latin America & Caribbean",0.891,80,NA
"Mauritania",0.443437355423337,205.082342619764,30.752297614681,36.4926054412727,"#E13F2D","4","MRT",47.04218224,8.324841325,29.16962091,8.000140983,23.1341963645,1996882.64097236,204596.696022,"Sub-Saharan Africa",0.527,199,0.11
"Mauritius",0.559741980318528,169.261060957302,56.0879558076184,52.3729051665892,"#EDB66E","2","MUS",55.69135063,21.6622656,10.68639153,31.37338079,29.8533471375,16277.0050536957,1272740.60309,"Sub-Saharan Africa",0.796,50,0.24
"Mayotte",0.489712744990235,187.980317090481,44.1203803121671,38.7488123103188,"#F1814D","4","MYT",NA,NA,NA,NA,NA,10476.7749649766,62982.4315248,"Sub-Saharan Africa",0.891,99,NA
"Mexico",0.410619659321284,187.381506667333,36.4116987392047,33.2347866474624,"#F2844E","4","MEX",16.49591389,22.804290045,16.55285727,55.4585118,27.82789325125,1090727.95479028,3273533.198584,"Latin America & Caribbean",0.767,261,0.08
"Micronesia",0.234763165045513,186.465881319156,39.9388996620449,41.6625847661046,"#F3874F","4","FSM",NA,NA,NA,NA,NA,214499.674113029,2992411.60384,"East Asia & Pacific",0.614,61,0.44
"Montenegro",0.318618911429388,210.985024610277,24.6279231507485,28.800165627984,"#DA2823","4","MNE",NA,NA,NA,NA,NA,9266.83740781927,7460.97561689,"Europe & Central Asia",0.816,58,0.02
"Mozambique",0.535097166915377,187.867241606142,50.9313458684781,30.5680704940367,"#F1824D","4","MOZ",99.80741861,63.99606333,95.31070786,88.06384562,86.794508855,162290.761512518,571430.924988,"Sub-Saharan Africa",0.446,93,0.36
"Namibia",0.236573304006728,185.426413827716,40.9095620800218,56.2306098457326,"#F38B51","4","NAM",86.8627417,39.39514877,47.27478982,80.22182374,63.4386260075,685226.135156814,560093.769296,"Sub-Saharan Africa",0.645,96,0.23
"Nauru",0.242284563108279,186.620635390144,39.3843688132105,41.8067952433007,"#F2874F","4","NRU",NA,NA,NA,NA,NA,120707.486219809,308505.489644,"East Asia & Pacific",NA,20,0.52
"Netherlands",0.456995107219202,121.001767997418,32.0223368261803,45.9072906639874,"#70B4AE","1","NLD",8.712379292,0.119148323,1.671149489,0.317198034,2.7049687845,101551.100126211,87031.5905373,"Europe & Central Asia",0.934,162,0.08
"New Caledonia",0.604046651865125,174.812943948979,53.4529670649699,48.7944458413922,"#F9B064","3","NCL",3.508612278,0.47929923,0.602903795,34.90324776,9.87351576575,19865.2790447485,1422536.27664,"East Asia & Pacific",0.891,50,0.19
"New Zealand",0.52813143118959,142.167716314884,52.7169926824638,58.1327392438663,"#B3D89C","1","NZL",0.826924522,0.003065129,0.787293955,45.21240298,11.7074216465,339891.171245811,4101600.783385,"East Asia & Pacific",0.921,123,0.11
"Nicaragua",0.523544562324332,163.629723053879,69.0238367855553,40.7926904027334,"#E1BD77","2","NIC",45.5502897105,62.23128755,48.572219409,59.34782924,53.925406477375,26975.1409490316,222740.1877235,"Latin America & Caribbean",0.651,119,0.1
"Nigeria",0.54261920616816,176.156674826391,57.7885917479513,34.3604891350758,"#FCAE61","3","NGA",34.7579472985,24.006662995,41.277047308,83.81499884,45.964164110375,506032.460413764,216323.984463,"Sub-Saharan Africa",0.534,116,0.42
"North Korea",0.651115380922088,130.593134670754,37.7291942005353,33.9523020983251,"#90CAA8","1","PRK",73.91992301,71.50978368,86.15372553,94.62019004,81.550905565,373535.72102148,115550.479706,"East Asia & Pacific",NA,86,0.35
"Northern Marianas",0.515906832998784,176.418142775078,44.3241527224409,47.4006043086145,"#FCAD61","3","MNP",NA,NA,NA,NA,NA,879.009305181303,749180.642214,"East Asia & Pacific",0.92,45,NA
"Norway",0.405107292646876,119.338677193142,31.6681106840341,48.4420759616455,"#6BB0AE","1","NOR",8.877563359,0.190434112,0.287992258,10.90569952,5.06542231225,2633329.38616148,932779.806579,"Europe & Central Asia",0.954,94,0.26
"Oman",0.632408893004058,176.47418110224,59.7745044188441,36.5083603123859,"#FDAD60","3","OMN",20.39825208,3.496917407,2.344886603,1.293047176,6.8832758165,149950.027829058,536240.54430975,"Middle East & North Africa",0.834,144,NA
"Pakistan",0.710338554808448,172.374622546912,58.5311689502321,40.2691532281469,"#F4B368","2","PAK",30.210251355,42.46975479,94.24755746,7.101676034,43.50730990975,864515.010052675,222255.442981,"South Asia",0.56,171,NA
"Palau",0.343749171247135,186.611285459135,41.1063327093042,41.8794896994447,"#F2874F","4","PLW",NA,NA,NA,NA,NA,90951.4445434631,604251.736577,"East Asia & Pacific",0.814,77,0.56
"Panama",0.292352256457382,199.962410924363,44.3883175216876,23.3785648279839,"#E55337","4","PAN",23.5942106945,13.69922794,8.800424994,46.6596161,23.188369932125,63718.1218966938,330753.469804,"Latin America & Caribbean",0.795,86,0.13
"Papua New Guinea",0.23978854976426,186.486641366847,40.9739584577815,42.3505812785213,"#F3874F","4","PNG",NA,NA,NA,NA,NA,611325.058338536,2396557.35498,"East Asia & Pacific",0.543,176,NA
"Peru",0.134575567909618,187.066469921579,41.5728159992301,20.6113167922614,"#F2854E","4","PER",2.368299637,22.9511947,7.0835539105,53.8371074,21.560038911875,7345019.738679,856949.3632,"Latin America & Caribbean",0.759,78,0.23
"Pitcairn",0.303086475658895,171.164137217314,39.6299223613463,58.5881329209168,"#F1B46A","2","PCN",NA,NA,NA,NA,NA,1172.60524678854,836115.469908,"East Asia & Pacific",0.92,19,NA
"Poland",0.383988484958501,111.22401831662,26.4082930961265,44.2794175065812,"#509DB3","1","POL",12.15651878,9.019315033,2.989197503,17.09613783,10.3152922865,205097.885967977,32054.0412505,"Europe & Central Asia",0.872,32,0.08
"Portugal",0.43172133777031,189.352355858834,31.5107873703734,44.0162712828791,"#F07C49","4","PRT",4.6370620955,0.816189892,0.542459716,21.79846718,6.948544720875,99655.2808040194,1721764.641562,"Europe & Central Asia",0.85,209,0.21
"Puerto Rico",0.65418273977356,165.378394101632,61.1142851840928,42.2499748660249,"#E5BB74","2","PRI",NA,NA,NA,NA,NA,4003.42018651328,177344.09195,"Latin America & Caribbean",0.92,87,NA
"Reunion",0.510154111808771,164.40377213617,46.1698914813255,53.7971915586823,"#E2BD76","2","REU",NA,NA,NA,NA,NA,3527.60791574198,315096.633081,"Sub-Saharan Africa",0.891,32,NA
"Romania",0.47261215702294,155.415913063565,26.127551804962,31.0952303681129,"#CFC886","1","ROU",2.198845204,18.38867662,6.957641353,0.044434672,6.89739946225,11470.8866544146,29754.8187671,"Europe & Central Asia",0.816,32,NA
"Russia",0.595939383343222,110.026765114327,44.1070132117568,37.84751495181,"#4C9AB3","1","RUS",16.8149423,4.314419847,2.563527114,11.10691873,8.69995199775,1483579.31100072,7548612.4136528,"Europe & Central Asia",0.824,157,0.1
"Saint Helena, Ascension and Tristan da Cunha",0.428069618064615,165.922209516221,43.6008075043044,53.7353393707248,"#E6BB73","2","SHN",NA,NA,NA,NA,NA,1180.23980775096,1641403.681081,"Sub-Saharan Africa",0.92,44,NA
"Saint Lucia",0.529207823628684,168.596350368839,57.4284209643339,37.7672797105871,"#EBB76F","2","LCA",30.99720641,2.456557231,1.1148410885,54.99717676,22.391445372375,2962.05409149853,15472.254343,"Latin America & Caribbean",0.745,84,0.21
"Saint Martin",0.754564670772878,173.519035631039,58.1147065081081,42.5884942909913,"#F6B166","3","MAF",NA,NA,NA,NA,NA,3403.93531431275,1065.94069877,"Latin America & Caribbean",0.891,53,NA
"Saint Pierre & Miquelon",0.466061489675608,106.332013544626,42.812901076098,59.6902741960269,"#4091B6","1","SPM",NA,NA,NA,NA,NA,14291.1357211794,12352.9202413,"North America",0.891,47,NA
"Saint Vincent and the Grenadines",0.650128314373981,165.070519018857,58.6411688923031,46.0687684656622,"#E4BC75","2","VCT",8.625284245,1.536701796,0.2444154605,36.49990409,11.726576397875,4932.88284911581,36304.4061532,"Latin America & Caribbean",0.728,112,0.12
"Samoa",0.709135721702584,175.023747286511,55.11453496311,45.5207030607121,"#F9AF64","3","WSM",59.34513464,0.024421823,1.232547213,92.8599086,38.365503069,21247.3846742491,131534.207705,"East Asia & Pacific",0.707,54,0.31
"Sao Tome and Principe",0.551078408451126,182.077695965126,44.3998593915154,36.9302582532256,"#F79857","3","STP",81.89005092,37.67708092,24.60264812,85.99355465,57.5408336525,31564.4407321314,165346.10372,"Sub-Saharan Africa",0.609,95,0.46
"Saudi Arabia",0.728087791392761,169.759712393319,65.6986553506379,38.9432823571607,"#EEB66D","2","SAU",39.79646038,23.07031364,2.5194770095,22.67814963,22.016100164875,92384.3996501856,220185.4083682,"Middle East & North Africa",0.857,181,0.06
"Senegal",0.589164103353905,177.058640656451,42.5335791396753,40.7605774394961,"#FCAC5F","3","SEN",53.305308,21.208832565,44.1682564495,92.32758393,52.752495236125,1123338.51479492,157737.237177,"Sub-Saharan Africa",0.514,197,0.48
"Seychelles",0.644452440292511,138.65369707308,53.6402921075815,58.3350717054141,"#ACDCA3","1","SYC",NA,NA,NA,NA,NA,16133.7293327797,1331918.84616,"Sub-Saharan Africa",0.801,39,NA
"Sierra Leone",0.432765707289476,195.632686918502,57.243570712782,28.6890514029001,"#EA643E","4","SLE",60.0838116,31.29292653,50.08401249,92.37326599,58.4585041525,385758.136981298,159300.799672,"Sub-Saharan Africa",0.438,143,0.65
"Sint Maarten",0.779055692932202,172.739284948326,58.6366616266276,43.1186360281459,"#F4B268","3","SXM",NA,NA,NA,NA,NA,3886.6800782151,499.205020871,"Latin America & Caribbean",0.934,54,NA
"Slovenia",0.51696882241241,179.09993676254,30.8048859511018,32.545890693532,"#FAA45C","3","SVN",10.78472639,12.90576447,6.643423505,6.117635629,9.1128874985,1337.6502355871,191.912791598,"Europe & Central Asia",0.902,93,0.03
"Solomon Isl.",0.34847938075302,183.76499638106,42.4588442955718,43.5843078318944,"#F69254","4","SLB",85.86836721,4.760632036,4.4862735795,87.86239339,45.744416553875,200243.839615458,1596372.69335,"East Asia & Pacific",0.557,45,0.65
"Somalia",0.667381502887298,176.904831468055,52.7147174151006,42.0225730994383,"#FDAC60","3","SOM",NA,NA,NA,NA,NA,225889.815686304,831058.295915,"Sub-Saharan Africa",NA,80,0.04
"South Africa",0.392090889504117,180.615077470979,38.0170838425487,36.1668179696521,"#F99E59","3","ZAF",25.8744027485,24.49300898,16.719264705,79.61541658,36.675523253375,222085.285274771,1539332.802268,"Sub-Saharan Africa",0.705,105,0.06
"South Georgia & Sandwich Isl.",0.134148091287356,112.911582757078,51.1926260711438,65.8154629296486,"#55A1B2","1","SGS",NA,NA,NA,NA,NA,52634.8305684291,1203148.04177,"East Asia & Pacific",0.92,18,NA
"South Korea",0.630221028301652,151.767973340223,42.415987777281,35.3760072000624,"#C7CC8C","1","KOR",8.540888071,2.80662259,0.760548184,65.47005272,19.39452789125,4324756.12124542,473315.817597,"East Asia & Pacific",0.906,122,0.34
"Spain",0.516528685899475,177.818262246765,30.8883841707419,41.9853867027709,"#FBA95E","3","ESP",14.36002366,0.200993526,1.57803051,21.97509718,9.528536219,241414.782724025,1010940.354211,"Europe & Central Asia",0.893,284,0.18
"St Barthelemy",0.732726824746921,171.231357459487,57.4209596287797,46.239418661434,"#F1B46A","2","BLM",NA,NA,NA,NA,NA,2051.41639815105,4294.62508546,"Latin America & Caribbean",0.891,52,NA
"Suriname",0.530853793665813,158.691738690817,57.5399082403131,43.8636163655224,"#D6C380","1","SUR",46.95602169,15.85294211,12.6850984305,76.10031525,37.898594370125,75555.8608788346,127818.978582,"Latin America & Caribbean",0.724,73,0.23
"Svalbard and Jan Mayen",0.381832830066646,105.963149537961,37.409902706002,58.3380011980738,"#3F90B6","1","SJM",NA,NA,NA,NA,NA,204486.184284004,1088190.447032,"Europe & Central Asia",0.954,22,NA
"Sweden",0.325461550300429,117.139297276984,25.9167636051926,41.3559369352153,"#64ABB0","1","SWE",7.314278944,0.171923617,2.051960102,1.809726284,2.83697223675,187748.167800993,156988.8594657,"Europe & Central Asia",0.937,65,0.1
"Syria",0.713004640944443,174.165123998204,40.7204226574626,42.8172373956736,"#F8B065","3","SYR",NA,NA,NA,NA,NA,16484.2845513543,10188.8393664,"Middle East & North Africa",0.549,88,0.03
"Taiwan",0.674316093185683,160.943710472661,44.6189067160668,35.9288330172468,"#DBC17C","2","TWN",NA,NA,NA,NA,NA,5330937.07529488,1148505.48933,"East Asia & Pacific",NA,148,NA
"Tanzania",0.708595857174809,178.94765012263,55.6994481297057,36.4301270439024,"#FAA45C","3","TZA",77.476810995,27.35476777,56.45912582,82.68215407,60.99321466375,127710.666634005,241128.153327,"Sub-Saharan Africa",0.528,81,NA
"Thailand",0.581977018627266,182.420748665319,53.2699069089002,27.4691555942768,"#F79756","4","THA",34.959307675,20.18043499,20.74349312,78.12679546,38.50250781125,1133621.01210808,305780.018094,"East Asia & Pacific",0.765,144,0.32
"Timor Leste",0.711671913508197,188.960545382112,51.1865007317851,29.1976178894421,"#F07E4A","4","TLS",84.63974125,59.84506693,93.52692174,97.20366345,83.8038483425,31107.5890139823,77048.3314019,"East Asia & Pacific",0.626,129,0.13
"Tokelau",0.27587624895697,186.572125731463,39.3083043137695,41.6188671711595,"#F2874F","4","TKL",NA,NA,NA,NA,NA,27693.7268760919,319053.313163,"East Asia & Pacific",0.921,14,NA
"Trinidad and Tobago",0.616802701645471,166.745526614762,51.235392383352,43.8054837001554,"#E7BA72","2","TTO",36.29472443,15.37586658,1.148502752,24.18841743,19.251877798,33581.3933328787,75485.5671564,"Latin America & Caribbean",0.799,102,0.2
"Tunisia",0.618909965861503,171.422796971666,31.9463769664283,43.7464460543736,"#F1B46A","2","TUN",22.40589574,43.16949305,19.4851495,9.070964389,23.53287566975,142549.233244309,102062.320569,"Middle East & North Africa",0.739,164,0.13
"Turkey",0.3844676749108,179.447158922008,24.3012016015674,32.2511021728196,"#FAA25B","3","TUR",15.30704124,26.46804494,18.48084104,0.802415521,15.26458568525,263563.34028963,256330.779194,"Europe & Central Asia",0.807,122,0.06
"Turks & Caicos Isl.",0.595414778123558,163.08639939709,62.0516270857596,42.581262870953,"#E0BE78","2","TCA",NA,NA,NA,NA,NA,11510.1824382781,153544.503586,"Latin America & Caribbean",0.92,50,NA
"Tuvalu",0.208275109466982,186.846265207722,39.4350185371316,41.3023536502929,"#F2864E","4","TUV",NA,NA,NA,NA,NA,72751.9340204009,751661.629536,"East Asia & Pacific",NA,29,0.53
"Ukraine",0.4522729455851,163.287194945806,24.1833492785288,28.3432615728296,"#E0BE78","2","UKR",9.06712359,14.5518082,10.55519481,8.921817784,10.773986096,171172.267805493,132416.863163,"Europe & Central Asia",0.75,34,0.07
"United Arab Emirates",0.701189897925375,166.154143528007,64.5949281977,42.9376049235243,"#E6BA73","2","ARE",43.75252327,20.29435887,1.9183297465,4.274597964,17.559952462625,84227.9459555697,56825.44796217,"Middle East & North Africa",0.866,171,0.19
"United Kingdom",0.497046199623902,128.825303033878,28.0134174713076,44.5088693946237,"#8AC6A9","1","GBR",11.94043729,0.104226293,0.1599321545,3.942630143,4.036806470125,898616.330840783,768135.4214365,"Europe & Central Asia",0.92,165,0.06
"United States",0.49842392644665,120.512426187892,49.8707511450692,41.4653502235778,"#6FB3AE","1","USA",8.1743169085,0.11231374,0.835182134,3.146620633,3.067108353875,854980.805570783,8619132.10314,"North America",0.92,424,0.05
"Uruguay",0.39440251158636,150.860719898158,46.7593183024306,41.418643092939,"#C5CD8D","1","URY",6.583641384,2.594563996,1.271200897,27.83245706,9.57046583425,160492.905113994,133012.012816,"Latin America & Caribbean",0.808,137,0.02
"US Virgin Isl.",0.724868296081996,161.926957987934,63.7006871106827,43.7828412383546,"#DDC07A","2","VIR",NA,NA,NA,NA,NA,3686.44525511708,33731.1421703,"Latin America & Caribbean",NA,53,NA
"Vanuatu",0.5068018416817,178.817810017096,43.8090306326419,51.4577551033777,"#FAA55C","3","VUT",34.27811957,2.098034388,6.002164468,75.47254679,29.462716304,22031.8187852924,827588.446198,"East Asia & Pacific",0.597,55,0.45
"Venezuela",0.526298319888148,175.55515009757,37.4805785451399,42.6776568919377,"#FAAF63","3","VEN",22.1747543215,26.11223436,19.2693318085,27.70365166,23.8149930375,157282.588061004,474800.731303,"Latin America & Caribbean",0.726,120,0.06
"Vietnam",0.592693189242871,170.173696096377,51.377205924739,32.9528969192008,"#EFB66C","2","VNM",53.09318816,0.7004378000112,5.336668927,94.60311263,38.4333518792528,4735296.87354844,1395117.30231,"East Asia & Pacific",0.693,174,0.3
"Wallis & Futuna Isl.",0.55955478372779,183.973567106352,45.4281494110164,47.1454394156326,"#F59153","4","WLF",NA,NA,NA,NA,NA,4102.69615072024,258277.171922,"East Asia & Pacific",0.891,65,NA
